timestamp,turn,transcription,llm_response,transcription_latency,llm_latency,tts_latency,total_latency,highest_latency
2024-09-02T22:58:41.559635,1,ูู ุณูุญุช ููุช ุนุงูุฒ ุฃุนุฑู ุฅูู ุฃุณุนุงุฑ ุงูุฑุญูุงุช ุนูุฏููุ,ุทุจุนุงูุ ุฅุญูุง ุนูุฏูุง ุจุงูุงุช ูุชููุนุฉ ุชูุงุณุจ ูู ุงูุฃุฐูุงู ูุงูููุฒุงููุงุช. ูููู ุชูููู ุฅูุช ููุชู ุชุณุงูุฑ ููู ุฃู ุฃู ููุน ุฑุญูุฉ ุจุชุฏูุฑ ุนูููุ ูุฏู ุฃูุฏุฑ ุฃูููู ุงูุฃุณุนุงุฑ ุจุดูู ุฃุฏู. ๐,1767.9095268249512,2873.6393451690674,17417.64807701111,22066.19358062744,Text-to-Speech
2024-09-02T22:59:00.466431,2,ูุด ุนุงุฑู ุงุดุชุบู ููู,ููุง ููููุ ุฅุญูุง ููุง ุนุดุงู ูุณุงุนุฏู ุชุฎุชุงุฑ! ุทูุจุ ุฎูููุง ูุจุฏุฃ ุจุญุงุฌุฉ ุจุณูุทุฉ. ุฅูุช ุจุชูุถู ุงูุฑุญูุงุช ุงูุดุงุทุฆูุฉุ ุงูุชุงุฑูุฎูุฉุ ููุง ุงููุบุงูุฑุงุช ูุงูุทุจูุนุฉุ,1207.23557472229,1137.1135711669922,14070.788145065308,16423.142194747925,Text-to-Speech
2024-09-02T22:59:27.578664,3,ุจุญุจ ุงููุคุงูุฑุงุช ูุงูุทุจูุนุฉ,ุฌููู ุฌุฏุงู! ุงููุบุงูุฑุงุช ูุงูุทุจูุนุฉ ุญุงุฌุฉ ูููุฒุฉ ูุนูุงู. ุทูุจุ ุฅูู ุฑุฃูู ูู ุฑุญูุฉ ููุงุญุฏ ูู ุงูุฃูุงูู ุงูุฑุงุฆุนุฉ ุฒู ุฏูุจ ููุง ุณุงูุช ูุงุชุฑููุ ุงูุฃูุงูู ุฏู ูููุงูุฉ ููุงุธุฑ ุทุจูุนูุฉ ุฎูุงุจุฉ ููุฑุต ููุบุงูุฑุงุช ูุชูุฑ ุฒู ุงูุบูุต ูุงูุชุณูู. ุฅูู ุฑุฃููุ,1292.6583290100098,1229.1433811187744,20929.90255355835,23458.70542526245,Text-to-Speech
2024-09-02T23:09:00.736031,1,ูุฃ ูุด ููููุน ูุฏู ูุงุถุด ุนุงูุฒ ุงุนุฑู ุงูู ุงู travel tours ุงููู ููุฌูุฏุฉ ูู pyramids ูู ุณูุญุช,ุทุจุนุงูุ ูููุด ูุดููุฉ! ุนูุฏูุง ูุฐุง ุจุงูุฉ ูุฒูุงุฑุฉ ุงูุฃูุฑุงูุงุช. ูููู ุฃูููู ุดููุฉ ุชูุงุตูู ุนููุงุ  1. **ุฑุญูุฉ ููู ูุงุญุฏ ููุฃูุฑุงูุงุช**: ุฏู ุจุชุดูู ุฒูุงุฑุฉ ุงูุฃูุฑุงูุงุช ูุฃุจู ุงููููุ ูุน ูุฑุดุฏ ุณูุงุญูุ ูุบุฏุงุก ูู ูุทุนู ูุญูู. 2. **ุฌููุฉ ุดุงููุฉ ูู ุงููุงูุฑุฉ**: ุฏู ุจุชุดูู ุฒูุงุฑุฉ ุงูุฃูุฑุงูุงุชุ ูุงููุชุญู ุงููุตุฑูุ ูุฎุงู ุงูุฎููููุ ูููุงู ุฌููุฉ ููููุฉ. 3. **ุฌููุฉ ุฎุงุตุฉ ุจุงูุฃูุฑุงูุงุช**: ุฏู ุจุชุดูู ุฒูุงุฑุฉ ุงูุฃูุฑุงูุงุช ูุฃุจู ุงููููุ ูุน ุฒูุงุฑุฉ ุฏุงุฎู ุงููุฑู ุงูุฃูุจุฑุ ูุฌููุฉ ูู ููุทูุฉ ุณูุงุฑุฉ.  ูู ุญุงุจุจ ุฃู,2055.285692214966,1957.4031829833984,48956.70223236084,52976.38988494873,Text-to-Speech
2024-09-02T23:10:33.296821,1,ุฅูู ุฃุฎุจุงุฑู ุนููุงูุงุ,ุงูุญูุฏ ูููุ ููู ุชูุงู! ุฅุฒุงูู ุฅูุชุ ุฅูู ุงูุฃุฎุจุงุฑุ ๐ ุนุงูุฒ ุชุญุฌุฒ ุฑุญูุฉ ููุง ุนูุฏู ุงุณุชูุณุงุฑ ูุนููุ,1426.7425537109375,877.7024745941162,8134.675025939941,10445.119857788086,Text-to-Speech
2024-09-02T23:10:47.376634,2,ุนูุฏู ุงุณุชูุณุงุฑ ูุนูู,ุชูุงูุ ููู ูู ุฅูู ุงุณุชูุณุงุฑู ูุฃูุง ุชุญุช ุฃูุฑู. ุนุงูุฒ ุชุนุฑู ุนู ุจุงูุงุช ุงูุฑุญูุงุช ููุง ุญุงุฌุฉ ุชุงููุฉุ,1247.2667694091797,835.5438709259033,7769.246339797974,9858.053207397461,Text-to-Speech
2024-09-02T23:11:39.293932,3,ุนุงูุฒ ุฃุนุฑู ุฅุฒุงู ุฃุชุฌูุจ ุงูุญุฑููุฉ ุงููู ุนูุฏ ุงู pyramids,ุฃููุฉุ ุงูููุถูุน ุฏู ููู ุฌุฏูุง. ููุฃุณู ูู ุจุนุถ ุงููุงุณ ุจูุญุงูููุง ูุณุชุบููุง ุงูุณูุงุญ ููุงู. ุนุดุงู ุชุชุฌูุจ ุงูุญุฑููุฉุ ุงุชุจุน ุงููุตุงูุญ ุฏู:  1. **ุงุชูู ุนูู ุงูุณุนุฑ ูุณุจููุง**: ูู ูุชุฑูุจ ุฌูู ุฃู ุชุดุชุฑู ุญุงุฌุฉุ ุงุชูู ุนูู ุงูุณุนุฑ ูุจู ูุง ุชุจุฏุฃ. 2. **ูุง ุชุฏูุด ูููุณ ูุฃู ุญุฏ ุจุฏูู ุณุจุจ**: ูู ูุงุณ ูุชุทูุจ ููู ูููุณ ุนุดุงู ุญุงุฌุงุช ุจุณูุทุฉ ุฒู ุงูุชูุงุท ุตูุฑุฉ. 3. **ุฎููู ูุน ูุฑุดุฏ ุณูุงุญู ููุซูู**: ุฏู ููุญููู ูู ุฃู ูุญุงููุงุช ุงุณุชุบูุงู. 4. **ูุง ุชุจููุด ุฅูู ูุนุงู ูููุณ ูุชูุฑ**:,1644.4177627563477,2076.7178535461426,42243.85213851929,45973.98853302002,Text-to-Speech
2024-09-14T00:57:56.298301,3,ูู ูุง ุนู ูู ูุด ูุดู ุฌุฏุง ุงุณุชูู ุจุณ,ูุงุดูุ ุฎุฏ ุฑุงุญุชู. ููุง ุชููู ุฌุงูุฒุ ูููู ุงุณูู ุจุงููุงูู ููุดูู ุฅุฒุงู ููุฏุฑ ูุณุงุนุฏู.,1711.474895477295,1049.5710372924805,1.0106563568115234,2777.503728866577,Transcription
2024-10-11T19:51:17.147851,1,ุฃููุฉ ุฅุฒุงูู ุนุงููุฉ ุฅููุ ุงูููู ุฅุฒุงูู ุนุงููุฉ ุฅููุ,ุฃููุงู ุจูู! ุฃูุง ุชูุงู ุงูุญูุฏ ูููุ ุฅูุช ุฅุฒุงููุ ุฌุงูุฒ ูุฎุทุท ูุฑุญูุชู ุงูุฌุงูุฉุ ๐,3071.5227127075195,1053.5142421722412,1243.337631225586,5375.408887863159,Transcription
2024-10-11T19:53:01.882617,1,ุงุฒุงููุ ุนุงููุฉ ุฅููุ,ุฃูุง ุชูุงูุ ุดูุฑุงู ููู! ุฅูุช ุนุงูู ุฅููุ ุฌุงูุฒ ุชุฎุทุท ูุฑุญูุฉ ุญููุฉุ,1298.2184886932373,1068.3307647705078,1450.4501819610596,3820.997953414917,Text-to-Speech
2024-10-11T19:54:08.896211,1,ุงูุนุฒูุฒู,ุฃููุงู ุจูู! ุฅุฒุงู ุฃูุฏุฑ ุฃุณุงุนุฏู ุงูููุงุฑุฏุฉุ ุนุงูุฒ ุชุญุฌุฒ ุฑุญูุฉ ููุง ุนูุฏู ุงุณุชูุณุงุฑ ุนู ุจุงูุฉ ูุนููุฉุ,1379.2126178741455,1081.40230178833,1378.0269622802734,3844.5920944213867,Transcription
2024-10-11T20:00:10.967083,1,ู ุงููู ูุง ุณูุฏู ุนุงุฏู ุจุณุฃู ูุนูู ุฃูู ุงูุฃุฎุจุงุฑ ุนูุฏููุงุ ู ุงููู ุนุงุฏู ุนุงูุฒ ุฃุนุฑู ุฃูู ุงูุฃุฎุจุงุฑ ุนูุฏููุง ูุนูู,ุฃููุงู ุจูู! ุฅุญูุง ุชูุงู ูุงูุญูุฏ ูููุ ุฏุงููุงู ุฌุงูุฒูู ูุณุงุนุฏู ูู ุญุฌุฒ ุฑุญูุชู ุงูุฌุงูุฉ. ุนูุฏูุง ุจุงูุงุช ุณูุฑ ูุชููุนุฉ ุชูุงุณุจ ูู ุงูุฃุฐูุงูุ ุณูุงุก ููุช ุนุงูุฒ ุฑุญูุฉ ุงุณุชุฑุฎุงุก ุนูู ุงูุจุญุฑ ุฃู ูุบุงูุฑุฉ ูู ุงูุตุญุฑุงุก. ูู ุนูุฏู ุฃู ูุฌูุฉ ูุนููุฉ ูู ุจุงูู ุฃู ูุญุชุงุฌ ูุณุงุนุฏุฉ ูู ุงุฎุชูุงุฑ ุงูุจุงูุฉ ุงูููุงุณุจุฉุ ูููู ูุฃูุง ููุง ุนุดุงู ุฃุณุงุนุฏู!,2731.126070022583,1590.3239250183105,26778.08141708374,31105.531215667725,Text-to-Speech
2024-10-11T20:03:06.278531,1,ุงูุนุฒูุฒู ูููุนุฑููุฉ ุงููู ุญุตูุช ุนูููุง ูู ุงููุง ูุฌุฑุฏ ุชุญุฏูุซ ูุนุฑุถ ุงููููู ุงููุงุญุฏ ุงููู ููุฌูุฏ ูู ุงููุงุนุฏุฉ ุงูููุฌูุฏุฉ,ุขุณูุ ูููู ุชูุถุญ ุฃูุชุฑุ ูุด ูุงูู ุงูุณุคุงู ูููุณ. ูู ุนูุฏู ุงุณุชูุณุงุฑ ุนู ุจุงูุงุช ุงูุณูุฑ ุฃู ุญุงุจุจ ุชุญุฌุฒ ุฑุญูุฉุ ุฃูุง ููุง ุนุดุงู ุฃุณุงุนุฏู!,2223.28782081604,954.0255069732666,10913.760662078857,14097.272634506226,Text-to-Speech
2024-10-11T20:03:23.454704,2,ุฃูุง ุนุงูุฒ ุฃูุถู ุฒู ุฑุญูุฉ ููุนุฑุงูุงุช,ุฌููู ุฌุฏุงู! ุฑุญูุฉ ุงูุฃูุฑุงูุงุช ุฏุงููุงู ุชุฌุฑุจุฉ ูููุฒุฉ. ุทูุจุ ูููู ุฃุนุฑู ุงุณูู ุจุงููุงูู ุนุดุงู ูุจุฏุฃ ูุญุฌุฒ ูู ุงูุฑุญูุฉุ,1461.0679149627686,1198.2793807983398,11143.940925598145,13809.822082519531,Text-to-Speech
2024-10-11T20:03:36.527190,3,ุงุณูู ูุญูุฏ ุนูุจ,ุฃููุงู ูุง ูุญูุฏ! ุทูุจุ ุฅูุชู ุญุงุจุจ ุชุฑูุญ ุฑุญูุฉ ุงูุฃูุฑุงูุงุชุ ุนูุฏู ุชูุงุฑูุฎ ูุนููุฉ ูู ุจุงููุ,1118.7629699707031,1403.4743309020996,8173.2378005981445,10701.147079467773,Text-to-Speech
2024-10-11T20:04:06.387342,4,ุนุงูุฒ ุฃููู ุงููู ุฃุฑุจุน ุงููู ุฌุงู ููู.. ูุนูู ููู ูุฏู ูุซูุง ุชูุงูุชุงุดุฑ ุนุดุฑ ุฃูุชูุจุฑ,ุชูุงู ูุง ูุญูุฏุ ููู ุงูุฃุฑุจุนุงุก 18 ุฃูุชูุจุฑ. ูู ูู ุฃู ุทูุจุงุช ุฎุงุตุฉ ุฃู ุญุงุฌุงุช ูุนููุฉ ุญุงุจุจ ุชุถูููุง ููุฑุญูุฉุ ูุซูุงูุ ูุฑุดุฏ ุณูุงุญู ุฎุงุต ุฃู ูุฌุจุฉ ุบุฏุงุก ูู ููุงู ูุนููุ,1913.3362770080566,876.9376277923584,16515.869855880737,19310.14370918274,Text-to-Speech
